Probe 5'-->3',Target 5'-->3',"mv_conc, mM","dv_conc, mM","dna_conc, uM","Tm, found",Full conditions,comment,ref,"Tm, osh","Tm, IDT","Tm, calcd US7715989",,,,,,,,,,,,,0.5x SSPE - 80 mM mv
CTGTAAGTAGATATAAC,,80,0,1,51.84,0.5x SSPE buffer (pH 7.4),match,US7715989,,,53.23,,,,,,,,,,,,,
GGCAAGATATATAG,,80,0,1,50.21,0.5x SSPE buffer (pH 7.4),match,US7715989,,,49.81,,,,,,,,,,,,,
GTGACGCAGATTCC,,80,0,1,61.27,0.5x SSPE buffer (pH 7.4),match,US7715989,,,61.06,,,,,,,,,,,,,
GTAAGTAGACATAAC,,80,0,1,52.12,0.5x SSPE buffer (pH 7.4),match,US7715989,,,51.78,,,,,,,,,,,,,
CAGGGAGCTTTGGA,,80,0,1,59.9,0.5x SSPE buffer (pH 7.4),match,US7715989,,,60.22,,,,,,,,,,,,,
CACTCGTGAAGCTG,,80,0,1,60.85,0.5x SSPE buffer (pH 7.4),match,US7715989,,,59.49,,,,,,,,,,,,,
GTAAGTAGGCATAAC,,80,0,1,55.74,0.5x SSPE buffer (pH 7.4),match,US7715989,,,55.47,,,,,,,,,,,,,
CCGGATGTAGGATC,,80,0,1,57.52,0.5x SSPE buffer (pH 7.4),match,US7715989,,,59.05,,,,,,,,,,,,,
GATTACCTGGATTT,,80,0,1,50.64,0.5x SSPE buffer (pH 7.4),match,US7715989,,,50.32,,,,,,,,,,,,,
CCGTCAATGGTCAC,,80,0,1,58.66,0.5x SSPE buffer (pH 7.4),match,US7715989,,,60.01,,,,,,,,,,,,,
CAGCACGTAGCC,,80,0,1,57.31,0.5x SSPE buffer (pH 7.4),match,US7715989,,,58.07,,,,,,,,,,,,,
CGGCTACGTGCTGG,,80,0,1,65.19,0.5x SSPE buffer (pH 7.4),match,US7715989,,,66.01,,,,,,,,,,,,,
CGGCTACATGCTGG,,80,0,1,61.14,0.5x SSPE buffer (pH 7.4),match,US7715989,,,61.95,,,,,,,,,,,,,
CTAAATCTGCCG,,80,0,1,50.4,0.5x SSPE buffer (pH 7.4),match,US7715989,,,48.09,,,,,,,,,,,,,
TCTGGATGATGGGCA,,80,0,1,61.74,0.5x SSPE buffer (pH 7.4),match,US7715989,,,61.95,,,,,,,,,,,,,
GTTCATGGGTGTAAT,,80,0,1,57.51,0.5x SSPE buffer (pH 7.4),match,US7715989,,,57.77,,,,,,,,,,,,,
CGGACGTAGGATCA,,80,0,1,59.24,0.5x SSPE buffer (pH 7.4),match,US7715989,,,59.46,,,,,,,,,,,,,
CCACCCGCCTCAG,,80,0,1,60.73,0.5x SSPE buffer (pH 7.4),match,US7715989,,,61.14,,,,,,,,,,,,,
CACAGGAGTGGTTGG,,80,0,1,63.07,0.5x SSPE buffer (pH 7.4),match,US7715989,,,64.4,,,,,,,,,,,,,
CGGACCAGTGCGTG,,80,0,1,68.1,0.5x SSPE buffer (pH 7.4),match,US7715989,,,67.58,,,,,,,,,,,,,
TCGGACCAGTGCGT,,80,0,1,65.04,0.5x SSPE buffer (pH 7.4),match,US7715989,,,66,,,,,,,,,,,,,
AACGGGGTACGATA,,80,0,1,57.93,0.5x SSPE buffer (pH 7.4),match,US7715989,,,57.11,,,,,,,,,,,,,
CAGTTGAGATTCTAAGAC,,80,0,1,60.06,0.5x SSPE buffer (pH 7.4),match,US7715989,,,60.15,,,,,,,,,,,,,
AGGGGCGTCTTG,,80,0,1,60.78,0.5x SSPE buffer (pH 7.4),match,US7715989,,,58.57,,,,,,,,,,,,,
GTAAGTAGGCATAGC,,80,0,1,58.34,0.5x SSPE buffer (pH 7.4),match,US7715989,,,58.95,,,,,,,,,,,,,
TGCCCAGCCCCAG,,80,0,1,63.13,0.5x SSPE buffer (pH 7.4),match,US7715989,,,63.4,,,,,,,,,,,,,
CCAACACTCGTGAA,,80,0,1,54.87,0.5x SSPE buffer (pH 7.4),match,US7715989,,,56.14,,,,,,,,,,,,,
GTAAGTAGACACAGC,,80,0,1,59.48,0.5x SSPE buffer (pH 7.4),match,US7715989,,,58.41,,,,,,,,,,,,,
TCGGACCAGTGC,,80,0,1,58.02,0.5x SSPE buffer (pH 7.4),match,US7715989,,,58.55,,,,,,,,,,,,,
CGATCACGCTGGC,,80,0,1,62.12,0.5x SSPE buffer (pH 7.4),match,US7715989,,,62.75,,,,,,,,,,,,,
GTCCTGGGGGTGG,,80,0,1,65.19,0.5x SSPE buffer (pH 7.4),match,US7715989,,,64.54,,,,,,,,,,,,,
GTAAGTAGGTGTGAC,,80,0,1,60.7,0.5x SSPE buffer (pH 7.4),match,US7715989,,,59.7,,,,,,,,,,,,,
GGTTGTACGGGTTCACG,,80,0,1,68.38,0.5x SSPE buffer (pH 7.4),match,US7715989,,,68.81,,,,,,,,,,,,,
GGACCAGTGCGTGA,,80,0,1,66.84,0.5x SSPE buffer (pH 7.4),match,US7715989,,,65.46,,,,,,,,,,,,,
GTAAGTAGACGCAGC,,80,0,1,62.91,0.5x SSPE buffer (pH 7.4),match,US7715989,,,62.44,,,,,,,,,,,,,
GTAAGTAGGCGCAGC,,80,0,1,65.52,0.5x SSPE buffer (pH 7.4),match,US7715989,,,65.91,,,,,,,,,,,,,
GTAAGTAGGCGCGGC,,80,0,1,68.71,0.5x SSPE buffer (pH 7.4),match,US7715989,,,68.96,,,,,,,,,,,,,
GGTTCCCGAGCG,,80,0,1,62.15,0.5x SSPE buffer (pH 7.4),match,US7715989,,,61.14,,,,,,,,,,,,,
CTGTAAGTAGATATAAC[MGB],,80,0,1,65.88,0.5x SSPE buffer (pH 7.4),match,US7715989,,,66.69,,,,,,,,,,,,,
GGCAAGATATATAG[MGB],,80,0,1,66.37,0.5x SSPE buffer (pH 7.4),match,US7715989,,,65.56,,,,,,,,,,,,,
GTGACGCAGATTCC[MGB],,80,0,1,76.97,0.5x SSPE buffer (pH 7.4),match,US7715989,,,75.19,,,,,,,,,,,,,
GTAAGTAGACATAAC[MGB],,80,0,1,64.64,0.5x SSPE buffer (pH 7.4),match,US7715989,,,63.31,,,,,,,,,,,,,
CAGGGAGCTTTGGA[MGB],,80,0,1,74.39,0.5x SSPE buffer (pH 7.4),match,US7715989,,,71.47,,,,,,,,,,,,,
CACTCGTGAAGCTG[MGB],,80,0,1,74.04,0.5x SSPE buffer (pH 7.4),match,US7715989,,,72.26,,,,,,,,,,,,,
GTAAGTAGGCATAAC[MGB],,80,0,1,66.91,0.5x SSPE buffer (pH 7.4),match,US7715989,,,66,,,,,,,,,,,,,
CCGGATGTAGGATC[MGB],,80,0,1,69.3,0.5x SSPE buffer (pH 7.4),match,US7715989,,,70.03,,,,,,,,,,,,,
GATTACCTGGATTT[MGB],,80,0,1,62.29,0.5x SSPE buffer (pH 7.4),match,US7715989,,,62.33,,,,,,,,,,,,,
CCGTCAATGGTCAC[MGB],,80,0,1,70.13,0.5x SSPE buffer (pH 7.4),match,US7715989,,,69.91,,,,,,,,,,,,,
CAGCACGTAGCC[MGB],,80,0,1,69.29,0.5x SSPE buffer (pH 7.4),match,US7715989,,,67.6,,,,,,,,,,,,,
CGGCTACGTGCTGG[MGB],,80,0,1,76.12,0.5x SSPE buffer (pH 7.4),match,US7715989,,,74.79,,,,,,,,,,,,,
CGGCTACATGCTGG[MGB],,80,0,1,71.56,0.5x SSPE buffer (pH 7.4),match,US7715989,,,72.99,,,,,,,,,,,,,
CTAAATCTGCCG[MGB],,80,0,1,62.08,0.5x SSPE buffer (pH 7.4),match,US7715989,,,60.19,,,,,,,,,,,,,
TCTGGATGATGGGCA[MGB],,80,0,1,71.65,0.5x SSPE buffer (pH 7.4),match,US7715989,,,72.13,,,,,,,,,,,,,
GTTCATGGGTGTAAT[MGB],,80,0,1,66.94,0.5x SSPE buffer (pH 7.4),match,US7715989,,,68.79,,,,,,,,,,,,,
CGGACGTAGGATCA[MGB],,80,0,1,69.46,0.5x SSPE buffer (pH 7.4),match,US7715989,,,70.93,,,,,,,,,,,,,
CCACCCGCCTCAG[MGB],,80,0,1,71.43,0.5x SSPE buffer (pH 7.4),match,US7715989,,,70.74,,,,,,,,,,,,,
CACAGGAGTGGTTGG[MGB],,80,0,1,72.28,0.5x SSPE buffer (pH 7.4),match,US7715989,,,72.92,,,,,,,,,,,,,
CGGACCAGTGCGTG[MGB],,80,0,1,77.92,0.5x SSPE buffer (pH 7.4),match,US7715989,,,76.8,,,,,,,,,,,,,
TCGGACCAGTGCGT[MGB],,80,0,1,74.94,0.5x SSPE buffer (pH 7.4),match,US7715989,,,75.62,,,,,,,,,,,,,
AACGGGGTACGATA[MGB],,80,0,1,67.79,0.5x SSPE buffer (pH 7.4),match,US7715989,,,67.08,,,,,,,,,,,,,
CAGTTGAGATTCTAAGAC[MGB],,80,0,1,67.15,0.5x SSPE buffer (pH 7.4),match,US7715989,,,67.43,,,,,,,,,,,,,
AGGGGCGTCTTG[MGB],,80,0,1,71.62,0.5x SSPE buffer (pH 7.4),match,US7715989,,,72.76,,,,,,,,,,,,,
GTAAGTAGGCATAGC[MGB],,80,0,1,65.95,0.5x SSPE buffer (pH 7.4),match,US7715989,,,66.99,,,,,,,,,,,,,
TGCCCAGCCCCAG[MGB],,80,0,1,71.28,0.5x SSPE buffer (pH 7.4),match,US7715989,,,71.32,,,,,,,,,,,,,
CCAACACTCGTGAA[MGB],,80,0,1,62.07,0.5x SSPE buffer (pH 7.4),match,US7715989,,,63.54,,,,,,,,,,,,,
GTAAGTAGACACAGC[MGB],,80,0,1,65.79,0.5x SSPE buffer (pH 7.4),match,US7715989,,,66.27,,,,,,,,,,,,,
TCGGACCAGTGC[MGB],,80,0,1,65.99,0.5x SSPE buffer (pH 7.4),match,US7715989,,,66.35,,,,,,,,,,,,,
CGATCACGCTGGC[MGB],,80,0,1,69.18,0.5x SSPE buffer (pH 7.4),match,US7715989,,,71.81,,,,,,,,,,,,,
GTCCTGGGGGTGG[MGB],,80,0,1,72.78,0.5x SSPE buffer (pH 7.4),match,US7715989,,,72.53,,,,,,,,,,,,,
GTAAGTAGGTGTGAC[MGB],,80,0,1,66.92,0.5x SSPE buffer (pH 7.4),match,US7715989,,,67,,,,,,,,,,,,,
GGTTGTACGGGTTCACG[MGB],,80,0,1,74.16,0.5x SSPE buffer (pH 7.4),match,US7715989,,,75.38,,,,,,,,,,,,,
GGACCAGTGCGTGA[MGB],,80,0,1,73.38,0.5x SSPE buffer (pH 7.4),match,US7715989,,,71.53,,,,,,,,,,,,,
GTAAGTAGACGCAGC[MGB],,80,0,1,68,0.5x SSPE buffer (pH 7.4),match,US7715989,,,67.82,,,,,,,,,,,,,
GTAAGTAGGCGCAGC[MGB],,80,0,1,69.8,0.5x SSPE buffer (pH 7.4),match,US7715989,,,70.34,,,,,,,,,,,,,
GTAAGTAGGCGCGGC[MGB],,80,0,1,72.26,0.5x SSPE buffer (pH 7.4),match,US7715989,,,72.76,,,,,,,,,,,,,
GGTTCCCGAGCG[MGB],,80,0,1,65.75,0.5x SSPE buffer (pH 7.4),match,US7715989,,,64.22,,,,,,,,,,,,,
